55005|2|PS-PERIMETER_START|RT-ROBBER_TRENCH|7003|B2-3,C2-3|70110|D|0|KIS10|0|0|01030000207C7F0000010000000C000000F42581BCC9942641080754E24BBC49417694837ECB9426416F5E73E24CBC4941F07B2A2BCD942641BDB0BABF4DBC494125D84060D2942641DCD09AD64DBC4941BBF5D369D2942641DCD09AD64DBC4941BBF5D369D2942641DCD09AD64DBC4941E1CD140AD2942641221E37A44CBC4941E1CD140AD294264187E59BA64CBC4941C9417F3ED0942641FED043FA4BBC49419A2954A7CC94264116586CBE4BBC49419A2954A7CC94264116586CBE4BBC4941F42581BCC9942641080754E24BBC4941|3
55001|1|PS-PERIMETER_START|FI-FILL|7000|A4|70210|D||KIS10|||01030000207C7F000001000000060000003ED17F80D594264189A4F7EE50BC4941CDF5C812DA9426410F0610F550BC4941C1329806DA942641BBB0BA1F4FBC4941E97B2A2BD5942641BBB0BA1F4FBC494102028C43D5942641344FA2D94FBC49413ED17F80D594264189A4F7EE50BC4941|4
55002|1|PS-PERIMETER_START|SU-SURFACE|7004|A4|70210|D||KIS10|||01030000207C7F0000010000000600000040A3F97BD594264142C9F7EF50BC494199F5C911DA94264105DF14F650BC4941EA2DA309DA9426415453551F4FBC49416CD6752AD59426415453551F4FBC49416CD6752AD59426415453551F4FBC494140A3F97BD594264142C9F7EF50BC4941|5
55003|1|PS-PERIMETER_START|FI-FILL|7001|A3|70210|D||KIS10|||01030000207C7F00000100000006000000C33C6E87D494264177BC580451BC494133514F15D494264168A14B1D4FBC49413FB72143D094264168A14B1D4FBC49417113F3A4D0942641F5F0102B51BC49417113F3A4D0942641F5F0102B51BC4941C33C6E87D494264177BC580451BC4941|6
55004|1|PS-PERIMETER_START|FI-FILL|7002|A4|70210|D||KIS10|||01030000207C7F0000010000000600000023B3C91EDB9426415617EEED50BC494150D21D06E09426419301D1E750BC4941FF99440EE09426417DEF411B4FBC494148B82668DB9426417DEF411B4FBC494148B82668DB9426417DEF411B4FBC494123B3C91EDB9426415617EEED50BC4941|7
55006|1|PS-PERIMETER_START|TL-TOP_SOIL|7005|A1|70310|D||KIS10|||01030000207C7F000001000000060000007DC2757EBB942641D910759D51BC4941DB50FB81C5942641D910759D51BC4941DB50FB81C59426411E16341E4FBC49417DC2757EBB9426411E16341E4FBC49417DC2757EBB9426411E16341E4FBC49417DC2757EBB942641D910759D51BC4941|8
55007|1|PS-PERIMETER_START|TL-TOP_SOIL|7006|A2|70310|D||KIS10|||01030000207C7F00000100000006000000DB50FB81C5942641D910759D51BC4941C63BFF7ECF942641D910759D51BC4941C63BFF7ECF9426411E16341E4FBC4941DB50FB81C59426411E16341E4FBC4941DB50FB81C59426411E16341E4FBC4941DB50FB81C5942641D910759D51BC4941|9
55008|1|PS-PERIMETER_START|TL-TOP_SOIL|7007|B2|70310|D||KIS10|||01030000207C7F00000100000006000000DA50FB81C59426411F16341E4FBC4941C53BFF7ECF9426411F16341E4FBC4941C53BFF7ECF942641641BF39E4CBC4941DA50FB81C5942641641BF39E4CBC4941DA50FB81C5942641641BF39E4CBC4941DA50FB81C59426411F16341E4FBC4941|10
55009|1|PS-PERIMETER_START|TL-TOP_SOIL|7008|B3|70310|D||KIS10|||01030000207C7F00000100000006000000C53BFF7ECF9426412016341E4FBC494123CA8482D99426412016341E4FBC494123CA8482D9942641651BF39E4CBC4941C53BFF7ECF942641651BF39E4CBC4941C53BFF7ECF942641651BF39E4CBC4941C53BFF7ECF9426412016341E4FBC4941|11
55010|1|PS-PERIMETER_START|TL-TOP_SOIL|7009|B4|70310|D||KIS10|||01030000207C7F0000010000000600000024CA8482D9942641FC7ED41F4FBC494110B5887FE39426411F16341E4FBC494110B5887FE3942641641BF39E4CBC494124CA8482D9942641641BF39E4CBC494124CA8482D9942641641BF39E4CBC494124CA8482D9942641FC7ED41F4FBC4941|12
55011|1|PS-PERIMETER_START|AA-ASH_LAYER|7010|A4|70310|D||KIS10|||01030000207C7F00000100000006000000E21CAC1EDA942641035D372B4FBC49418A32270BDA942641C1AF5EC74FBC4941BB1EA402D8942641C1AF5EC74FBC4941BB1EA402D8942641035D372B4FBC4941BB1EA402D8942641035D372B4FBC4941E21CAC1EDA942641035D372B4FBC4941|13
55012|1|PS-PERIMETER_START|TL-TOP_SOIL|7011|C4|70410|D||KIS10|1.53|1.5|01030000A07C7F0000010000000500000057927E6BD9942641F4177A1D4ABC49419C01617056B29640B63E5989D99426415EE27E9C4CBC4941539265E89EB2964001AAF2D2E3942641C57F70984CBC4941FFE0709C67AF9640FEC9087DE3942641AEAC7E194ABC4941E647443C0EAF964057927E6BD9942641F4177A1D4ABC49419C01617056B29640|14
55013|2|PS-PERIMETER_START|SU-SURFACE|7012|A2|70410|D||KIS10|1.53|1.5|01030000A07C7F00000100000005000000DA8530F0C6942641791CAB1D4FBC4941ED518652DEB2964020097FB3C59426418B485E9751BC4941842D2E0148B19640FB6D99A9CF94264109C215CB51BC49413EE5869280B19640A0D8F1AECF9426414C9F67294FBC4941D9495046C2B29640DA8530F0C6942641791CAB1D4FBC4941ED518652DEB29640|15
55014|3|PS-PERIMETER_START|FI-FILL|7013|B3|70410|D||KIS10|1.53|1.5|01030000A07C7F0000010000000500000096C20FD4D0942641BC3BD78E4CBC4941A41C0119ECB39640A86274C8CF94264178561CB94EBC49415DEBD335FDB2964012C2A331D99426419F58A7AC4EBC4941752FA8159CB29640C595CC8CD9942641F18A3B9E4CBC4941368D00BE9CB2964096C20FD4D0942641BC3BD78E4CBC4941A41C0119ECB39640|16
55015|1|PS-PERIMETER_START|SU-SURFACE|7015|B3|70510|D||KIS10|1.551|1.5|01030000A07C7F00000100000005000000B49F39FFD0942641D47D00B94CBC49411F39F772DBB1964001DBC1CCD0942641D3C2C08D4EBC49418531058E3EB19640656B01FCD8942641C185E1854EBC49412CE13060DCB19640A66B1E24D9942641972DA3CE4CBC494185BD5E5881B19640B49F39FFD0942641D47D00B94CBC49411F39F772DBB19640|17
55016|2|PS-PERIMETER_START|SU-SURFACE|7016|C4|70510|D||KIS10|1.551|1.5|01030000207C7F00000100000005000000A30A7711DA94264118456A454ABC49415E192BCCD9942641EEC792884CBC494144A99C18E494264120A8648B4CBC4941D5077145E39426410F924F2B4ABC4941A30A7711DA94264118456A454ABC4941|18
55017|3|PS-PERIMETER_START|SU-SURFACE|7017|A1|70510|D||KIS10|1.551|1.5|01030000A07C7F00000100000005000000342AF44AC39426413FBE294A4FBC49412447F90B6EB09640D18F4C0EBC94264187D569464FBC494193AE89E366AF96408A45C203BC94264188D4596951BC4941CDF728AC26AE964007EAD65FC394264122B8DB7C51BC49419BF61DD7F6AF9640342AF44AC39426413FBE294A4FBC49412447F90B6EB09640|19
55018|4|PS-PERIMETER_START|TL-TOP_SOIL|7018|A3|70510|D||KIS10|1.551|1.5|01030000207C7F00000100000006000000F5A74391D094264178E68AFE50BC49416D4958B9CF942641CA2F280251BC4941AFE519CACF942641471E88CA51BC49415EFAF25DD2942641510F76C351BC4941E27B8063D29426419C97A16251BC4941F5A74391D094264178E68AFE50BC4941|20
55019|5|PS-PERIMETER_START|TL-TOP_SOIL|7019|A3|70510|D||KIS10|1.551|1.5|01030000207C7F00000100000005000000493193EDD094264188AA9AF44FBC4941C1CD7FC5CF942641D66EBBF34FBC4941E38DA5C6CF9426417F5E0E824FBC49417BA314E2D0942641F20C1A844FBC4941493193EDD094264188AA9AF44FBC4941|21
55020|1|PS-PERIMETER_START|FI-FILL|7021|B3|70610|D||KIS10|1.493|1.486|01030000A07C7F0000010000000500000037EF49E3D0942641950D6B8E4EBC494144ADA5D3DAB09640C330FD52D994264174232C8C4EBC4941D363AC9676B1964014E4EB15D99426415E807DD74CBC4941A52BF37605B19640854E7CCBD19426417813D7C34CBC4941F36D16771AB1964037EF49E3D0942641950D6B8E4EBC494144ADA5D3DAB09640|22
55021|1|PS-PERIMETER_START|SU-SURFACE|7022|A3|70710|D||KIS10|1.493|1.486|01030000207C7F00000100000006000000B890F7B6CF94264119F09B0151BC49414ED367FFCF942641817B9EA551BC4941FDEADC88D4942641F4E38AB151BC4941F76DB150D4942641BB8A7B5451BC4941DE82B6D6D09426417B72031351BC4941B890F7B6CF94264119F09B0151BC4941|23
55022|2|PS-PERIMETER_START|SU-SURFACE|7023|A3|70710|D||KIS10|1.493|1.486|01030000A07C7F00000100000005000000D3FAB62FD3942641CF28021E4FBC4941A021A8CA10B29640CE2D7C5ED29426419C8BBF414FBC4941B10DC2BFE6B19640509054E8CF94264109FEB7E34FBC49415AF8BF41C7B09640FE24A1F3CF942641503A91434FBC49414CDE8924A0B19640D3FAB62FD3942641CF28021E4FBC4941A021A8CA10B29640|24
55023|3|PS-PERIMETER_START|FI-FILL|7024|B3|70710|D||KIS10|1.493|1.486|01030000A07C7F00000100000005000000A845127BD194264143F3EFBA4CBC49417749DF562BB196404FAB8D00D194264182E101914EBC494167086FE2C7B096408B046C1ED99426417ABF768B4EBC4941AAC777166FB1964067EA5C12D99426416861AAD94CBC49418308579100B19640A845127BD194264143F3EFBA4CBC49417749DF562BB19640|25
55024|4|PS-PERIMETER_START|SU-SURFACE|7025|B2|70710|D||KIS10|1.493|1.486|01030000A07C7F00000100000005000000C09C13B2C7942641E07AB9CF4CBC4941AEB37C01A0B29640D4639D98C794264144EE33964EBC494180B4E78975B19640CCAF493FCF9426413B0CF78C4EBC49412216277ADDB196402EEAEEA3CC94264158D647F74CBC49413FABF136DFB19640C09C13B2C7942641E07AB9CF4CBC4941AEB37C01A0B29640|26
55025|5|PS-PERIMETER_START|FI-FILL|7026|A1|70710|D||KIS10|1.493|1.486|01030000A07C7F000001000000050000004D94CE33C39426418377A84F4FBC4941A4E97E5A4AB09640C9F862CDBC94264137D8403F4FBC4941E19DDE36E5AF96403E7A60DDBB942641FD56A18E51BC4941F3BC0F980AAE9640B14BB75BC3942641C99FB97F51BC49411079B55E0DB096404D94CE33C39426418377A84F4FBC4941A4E97E5A4AB09640|27
55026|6|PS-PERIMETER_START|FI-FILL|7020|B4|70710|D||KIS10|1.493|1.486|01030000A07C7F000001000000050000009E612897D994264156B4DEBF4CBC4941A4A4377FB0B19640BAF007F8D994264149DBF8834EBC49419790669F65B1964061D46244E394264187BDF5944EBC4941AEA4BD4BCDAF96401EA07FB1E2942641E00CA3CA4CBC4941C4828CD2C3AF96409E612897D994264156B4DEBF4CBC4941A4A4377FB0B19640|28
55027|1|PS-PERIMETER_START|FI-FILL|7027|A2|70810|D||KIS10|1.493|1.486|01030000A07C7F0000010000000500000017829855C79426417F129F454FBC4941823173E1F4AF96401C35D3CFC794264142FF4E7A51BC49412CE89FDB09B09640B2078356D1942641F55267C251BC4941C5D7D9BB2FB19640D67EDFF9D0942641DCF467504FBC494167265FA3DBB0964017829855C79426417F129F454FBC4941823173E1F4AF9640|29
55028|2|PS-PERIMETER_START|FI-FILL|7028|C3|70810|D||KIS10|1.493|1.486|01030000A07C7F0000010000000700000022776C15D99426413C39F9334ABC4941B35BDC2288B296403A2A5072D0942641F313184B4ABC4941D330741CBCB396409129BC1DD19426417F202F074CBC4941D69A4FDDB3B3964081135D7DD4942641CF9B2F0F4CBC4941291E2F9640B3964005D338B1D4942641CB4C69974CBC4941AB615D228DB396405BBE0540D9942641CA4E3FA94CBC4941591A2F8EA2B2964022776C15D99426413C39F9334ABC4941B35BDC2288B29640|30
55029|3|PS-PERIMETER_START|FI-FILL|7029|B3|70810|D||KIS10|1.493|1.486|01030000A07C7F000001000000050000008E588B2DD1942641B4AA25B74CBC4941F63625347BB19640FA812712D1942641781DBB8B4EBC4941C46524612DB096403DBB7C4FD9942641DEF071814EBC4941B0284B8265B196406A961578D9942641F44D9ABD4CBC4941E1B040F5ADB196408E588B2DD1942641B4AA25B74CBC4941F63625347BB19640|31
55030|4|PS-PERIMETER_START|FI-FILL|7030|C4|70810|D||KIS10|1.493|1.486|01030000A07C7F00000100000005000000A5B020BFD9942641C3ABF6134BBC4941D7C0EBB6BBB096405D916FDFD994264116F3188E4CBC4941D9BE183207B19640BE469AF1E294264115EC75864CBC49419466832DE0AE964074AB5200E29426418BA94F3B4BBC4941E79551BED9AE9640A5B020BFD9942641C3ABF6134BBC4941D7C0EBB6BBB09640|32
55031|1|PS-PERIMETER_START|FI-FILL|7031|B2|071210|D||KIS10|1.567|1.486|01030000A07C7F00000100000005000000E21A0210C8942641C604EB8F4CBC494137571B4C8CB29640530A78DFC79426419C0766CB4DBC4941000DB7873CB196407C037AEACC942641396403A34DBC4941206C908415B29640AABDA195CC942641A69BC4054DBC4941F1391E9551B19640E21A0210C8942641C604EB8F4CBC494137571B4C8CB29640|33
55032|2|PS-PERIMETER_START|FI-FILL|7032|B2|071210|D||KIS10|1.567|1.486|01030000A07C7F00000100000005000000E7DE2640DA942641AC59C22B4BBC494129038C1124B09640C5B7246FDA9426416E556D904CBC4941B3BC7DE640B0964093899D69E09426413BC5AA974CBC49411A2BACBA25AF96406A2D0EF9DF94264122742B304BBC49410DC0696ECDAE9640E7DE2640DA942641AC59C22B4BBC494129038C1124B09640|34
55033|1|PS-PERIMETER_START|FI-FILL|7033|B2|071310|D||KIS10|1.625|1.486|01030000A07C7F00000100000006000000562AEA66C794264188D51F024EBC4941CA13633D0BB196402EB6207EC79426415747E9984EBC49410F1EDB262CB19640CAC1AE44D094264188B773914EBC4941A2607E1A33B1964035611C34D094264130174C094EBC4941254D9E1B3CB19640E96F1934D0942641A5F44C094EBC49413E6090873CB19640562AEA66C794264188D51F024EBC4941CA13633D0BB19640|35
55035|2|PS-PERIMETER_START|FI-FILL|7034|B4|071310|D||KIS10|1.625|1.486|01030000A07C7F00000100000005000000C5609369DA94264130794DF44CBC49419DBDCBF6B4B096402BEB8A71D99426411E1A16804EBC49415824B2BFE0B096408F8E8A03E3942641C0C52F6F4EBC49419AD874EB63AF96409CEEC82AE2942641FE3A81CD4CBC4941A613FB5626B09640C5609369DA94264130794DF44CBC49419DBDCBF6B4B09640|36
55036|3|PS-PERIMETER_START|FI-FILL|7035|C3|071310|D||KIS10|1.625|1.486|01030000A07C7F00000100000007000000F921A1CFD89426411503244D4ABC4941C1C48A9725B29640C66F86DCD09426417D76C0784ABC4941C8A97EE63FB3964085C86DAED0942641939279DD4BBC4941869F965FC7B296402E168E09D594264177E79AEE4BBC4941524C3F9895B296406FDCBDA5D5942641BF2F89A24CBC4941EE42797B49B2964074CB71EDD8942641040AABA24CBC4941C1371B1CE1B19640F921A1CFD89426411503244D4ABC4941C1C48A9725B29640|37
55037|1|PS-PERIMETER_START|PL-PLASTER|7036|B2|071410|D||KIS10|1.431|1.486|01030000A07C7F00000100000005000000736E6EFDC7942641CE86A1DC4CBC4941B743E34B4AB09640C46FF1EDC7942641130B7CB94DBC4941475A9A7A75B09640C117CB11CD94264160D916994DBC494140F5036661B096406EE3AA51CC942641853A51FA4CBC49415B9F1D2860B19640736E6EFDC7942641CE86A1DC4CBC4941B743E34B4AB09640|38
55038|2|PS-PERIMETER_START|PL-PLASTER|7037|C4|071410|D||KIS10|1.431|1.486|01030000A07C7F00000100000005000000A268583BDA9426417A8EC8474BBC494104D2D6ADF7AE9640D32105F3D994264100D75F7F4CBC4941F472A0D3BEAF964060875A8CE094264103B683854CBC494118367A2119AF964083CAF0E8DF942641D283CC324BBC4941AC45FCEDC8AE9640A268583BDA9426417A8EC8474BBC494104D2D6ADF7AE9640|39
55039|3|PS-PERIMETER_START|FI-FILL|7038|A2|071410|D||KIS10|1.431|1.486|01030000A07C7F0000010000000500000084190969C7942641B445881450BC49413BB1A2DDD5AF9640DBCCB675CF9426413284ADE050BC49419423AFD2B3AF9640C3578585CB9426416F57F96F51BC4941CFD8BBE995AF964003722E04CC94264145C5EE0B50BC4941D3F114926FAE964084190969C7942641B445881450BC49413BB1A2DDD5AF9640|40
55040|4|PS-PERIMETER_START|FI-FILL|7039|A2|071410|D||KIS10|1.431|1.486|01030000A07C7F000001000000050000005B4B9689C7942641B87361574FBC494131F46077E3AE9640CF196A93C79426417DB669C34FBC4941DDC565E8F6AE9640496FB0FCCF9426410A325DA44FBC494138537E2141AF9640C98AE9EDCF942641BB021B494FBC49415DF5435F6DAF96405B4B9689C7942641B87361574FBC494131F46077E3AE9640|41
55041|5|PS-PERIMETER_START|FI-FILL|7040|A2|071410|D||KIS10|1.431|1.486|01030000A07C7F000001000000050000009B9A1D7CCD942641EC72A5F84FBC4941B80175C43EAF9640BD921E1FCD94264129C3025951BC494123145C6644AF9640C5993612D0942641334C124651BC49412CF987CD59AF964056A96EAACF94264189A4CCD94FBC49419B1452FE3AAF96409B9A1D7CCD942641EC72A5F84FBC4941B80175C43EAF9640|42
55042|6|PS-PERIMETER_START|FI-FILL|7041|A1|071410|D||KIS10|1.431|1.486|01030000A07C7F000001000000050000009B99706CBF942641737E2F5F4FBC494162E5FB59ABAE9640375C1E48BF942641FC74972F51BC494159F08DA6C1AD9640D837E6B3C29426416C24091451BC49415D74F38208AE964021DAF92AC3942641BD6A0A734FBC4941A88F64F802AF96409B99706CBF942641737E2F5F4FBC494162E5FB59ABAE9640|43
55043|1|PS-PERIMETER_START|FI-FILL|7042|C4|071510|D||KIS10|1.415|1.486|01030000A07C7F00000100000005000000167CE4FED9942641C9FBDD874CBC4941CE4EB3B561AE96408FFE7651DA942641E14AD1934CBC494191A049793DAE96403541166CE0942641D44A7C624CBC4941B0C8415E12AE9640452A8CEFDF9426416FDE93324BBC49416516D85DEAAD9640167CE4FED9942641C9FBDD874CBC4941CE4EB3B561AE9640|44
55044|1|FI-FILL|PL-PLASTER|7045|A1|071910|D||KIS10|1.483|1.486|01030000A07C7F00000100000005000000EAA40806BF942641C8EC2C644FBC494194BA329918AE96408379D954BF94264134E0873151BC4941E397E025BDAD9640F84AE6ADC29426419051F91F51BC49416A634B1BACAD9640FFA97E56C39426418C84B66D4FBC49411DA76912CBAE9640EAA40806BF942641C8EC2C644FBC494194BA329918AE9640|45
55045|2|SU-SURFACE|MD-MUDBRICK_FILL|7046|B4|071910|D||KIS10|1.483|1.486|01030000A07C7F00000100000005000000E342F561DA942641226FB9AA4CBC4941B0B665A5D4AE96401F7E6158D99426411C6F3C674EBC494133962B6B19AF96407086D13CE0942641E50412804EBC4941E60B8CCB11AF964034663353E094264106B012954CBC494109C09D1649AE9640E342F561DA942641226FB9AA4CBC4941B0B665A5D4AE9640|46
55046|3|SU-SURFACE|SU-SURFACE|7047|C3|071910|D||KIS10|1.483|1.486|01030000A07C7F000001000000070000006842EE11D1942641AD41A9904ABC4941EAFA8DD038B196403F92CC43D1942641D88008D34BBC49414EA011EE1EB196401F2E7B6AD5942641A26C80EE4BBC4941A901EFD2DFB096405783C503D694264129D604834CBC49415C39E34A81B19640FA0261F2D89426414773649D4CBC49415FCB695F21B19640D707C4E3D79426413F98CA654ABC494135086F27F8B096406842EE11D1942641AD41A9904ABC4941EAFA8DD038B19640|47
55047|1|FI-FILL|FI-FILL|7048|C4|072010|D||KIS10|1.427|1.486|01030000A07C7F00000100000005000000610D822CDA942641563F80514BBC49415F2CB069F5AD964070559FF8D99426411BB0F5914BBC494113DF65939CAD96400CB96BE6DF942641513FB9764BBC4941130523C42CAE9640F16B7FDEDF942641FA97A4304BBC4941E8A52994DBAD9640610D822CDA942641563F80514BBC49415F2CB069F5AD9640|48
55048|2|FI-FILL|FI-FILL|7049|B2|072010|D||KIS10|1.427|1.486|01030000A07C7F00000100000005000000E974078AC7942641A0C211144EBC49411A25D6034CAF964030AC4D9BC7942641B6B354964EBC4941A146572966AF9640CA914AD4CD942641B6E33C924EBC494100CDEB0232AF9640AFC14EFFCD942641D27B19F94DBC4941C3425AD815AF9640E974078AC7942641A0C211144EBC49411A25D6034CAF9640|49
55049|3|FI-FILL|FI-FILL|7050|B2|072010|D||KIS10|1.427|1.486|01030000A07C7F000001000000050000005CE84A60C89426418703D7FF4CBC4941D740034167AE964013E7B0DEC89426414AE8D3C44DBC49410F37520036AE96404D3E87A9CC94264197A4D7994DBC4941FAED82B82FAD96406AE93C9CCC942641E88F1FFE4CBC4941539E29CE5EAD96405CE84A60C89426418703D7FF4CBC4941D740034167AE9640|50
55051|5|FI-FILL|FI-FILL|7051|B3|072010|D||KIS10|1.427|1.486|01030000A07C7F00000100000008000000FDBBC2D5D19426414850FCE34DBC494145C62E476FAF96402FB5CEE3CD942641CD727E934EBC4941333552FD2AAF9640F25A6CF7D39426413601867E4EBC494181F1B7F524AF96402B3620CFD39426419AFA8A154DBC49419AC1AA86FCAE9640B1329EA9D1942641AE6D40294DBC49414DA76C859AAF9640722DDECAD194264186AC6EEF4DBC494164FB52784AAF9640085DDBCAD1942641DCA96FEF4DBC4941F23416954AAF9640FDBBC2D5D19426414850FCE34DBC494145C62E476FAF9640|51
55052|6|FI-FILL|FI-FILL|7052|B3|072010|D||KIS10|1.427|1.486|01030000A07C7F0000010000000500000066C5688ED49426418C8BFEFE4CBC4941952C2432DEAE9640843C8A42D594264129D42E784EBC4941937CD2B56AAE9640DD43C283D7942641F9A7AF674EBC49415F17CAB582AE9640D2BD3515D89426410A5C68004DBC494127BCCE8FF7AE964066C5688ED49426418C8BFEFE4CBC4941952C2432DEAE9640|52
55053|1|FI-FILL|FI-FILL|7053|C3|702110|D||KIS10|1.464|1.486|01030000A07C7F00000100000009000000685A418BD49426419D46FFCE4BBC4941498E7BC000AF9640211FD394D5942641CB1AABE74BBC494123CE152DA2AF964096EA239AD5942641CC4C1FAF4CBC4941AD8A29BEF8AE9640FBC95AFDD9942641D5DB559F4CBC4941CB996FF9A8AE9640BD91F597D994264158CC63464BBC4941D959274048AF96407DA55E25D8942641A6F4A7464BBC4941ECD214B7D7AE964090DECBD0D7942641A2B60D7A4ABC4941CB838778E6AF9640692CED6ED4942641C5C727814ABC494130FF85037EAF9640685A418BD49426419D46FFCE4BBC4941498E7BC000AF9640|53
55054|1|FI-FILL|FI-FILL|7054|A1|072210|D||KIS10|1.466|1.486|01030000A07C7F000001000000070000001984450BBF94264196CD1C6C4FBC49412C316F8FE3AD9640064AC8A7BF942641D2A5243451BC494164AE90E2FDAB964097F5AC8BC2942641F2FCB32051BC494129A2EDBCF9AC9640BD2DA287C2942641AA6807DF4FBC494146E5ABC7CEAD964090882937C394264183520FCB4FBC494118E7359748AE9640597EC731C3942641888961724FBC494156921D5CADAD96401984450BBF94264196CD1C6C4FBC49412C316F8FE3AD9640|54
55055|2|FI-FILL|FI-FILL|7055|A2|072210|D||KIS10|1.466|1.486|01030000A07C7F00000100000005000000B7A43817C89426414A29E84150BC49414E26FA75C2AD96403BFDA032C89426415CE7DF1951BC494192F84680BEAD9640C7315077CB942641706C2C2C51BC4941BD12548EE1AD96409E810DBFCB9426411B4CC30850BC494115E2392EEBAD9640B7A43817C89426414A29E84150BC49414E26FA75C2AD9640|55
55056|3|FI-FILL|FI-FILL|7058|B3,B4,C3,C4|072210|D||KIS10|1.466|1.486|01030000A07C7F00000100000005000000C592CD9ED4942641CD04C3954BBC49419BB4A024E8AD9640F6C53146D5942641495D7C7C4EBC494108ADCB95D0AD9640A1BD97ECDF942641F4098F704EBC4941A9013C863AAE9640EF75EF08E0942641CB7D17A94BBC4941105F336B3CAD9640C592CD9ED4942641CD04C3954BBC49419BB4A024E8AD9640|56
55057|4|FI-FILL|FI-FILL|7059|C3|072210|D||KIS10|1.466|1.486|01030000A07C7F00000100000005000000ACE5ADA0D494264172874DA14ABC4941A3D33AFB4AAD964018BCE0ACD49426411E238F854BBC4941C6B57F7814AD9640533B890DD89426414D6A68824BBC49415639B53669AD96403D54C7BCD794264173A9009F4ABC4941A10F432049AD9640ACE5ADA0D494264172874DA14ABC4941A3D33AFB4AAD9640|57
55058|5|FI-FILL|FI-FILL|7060|B2|072210|D||KIS10|1.466|1.486|01030000A07C7F0000010000000500000093E30C93C794264110CF6D1B4EBC4941C76D03D960AE9640CDDC6CB5C794264135E95B974EBC4941E1A23AEDC2AE9640CCDB2AD5D1942641E3981B8E4EBC494151EB657339AE964054A4A9B5D19426414E0EFAF34DBC4941A1922B1F35AE964093E30C93C794264110CF6D1B4EBC4941C76D03D960AE9640|58
55059|6|FI-FILL|FI-FILL|7061|B3|072210|D||KIS10|1.466|1.486|01030000A07C7F0000010000000500000022AD6BCBD19426415962AF014DBC49417630A14C3FAE964011E8A729D294264115E1CB8B4EBC494194A9FBA94AAE9640BE74492DD494264143345F7C4EBC49416A234F38C9AD9640F4B305DCD3942641229E36EE4CBC49418810380AFDAD964022AD6BCBD19426415962AF014DBC49417630A14C3FAE9640|59
55060|1|PS-PERIMETER_START|AS-ASHFILL_AS-ASHFILL_AS-ASHFILL|7062|A2|072510|D||KIS10|1.459|1.486|01030000A07C7F000001000000050000005BF9FAD8C7942641226C780950BC49411D62D339A2AC964069A2B690C89426415D71CC1651BC4941D288390B77AC964076E705AFCB94264116342D1C51BC4941AA468361FFAC9640017897B1CB942641D965530950BC49415ECD06849EAC96405BF9FAD8C7942641226C780950BC49411D62D339A2AC9640|60
55061|1|FI-FILL|FI-FILL|7077|B2|072610|D||KIS10|1.439|1.486|01030000A07C7F0000010000000500000075CBAB20CE9426417BA2EB404CBC49410E280CEC1FAF964009D4CD27CE942641E5E7D09D4DBC49415534C1AC44AF96402D1B63A6D094264168CEFA8F4DBC4941E57CDA2D9FB09640D212F105D0942641D360BF484CBC49416F64683D85AF964075CBAB20CE9426417BA2EB404CBC49410E280CEC1FAF9640|61
55062|2|PS-PERIMETER_START|WA-WALL|7063|B4,C4|072610|D||KIS10|1.439|1.486|01030000A07C7F000001000000050000007026A6C1DF9426410AF8356A4ABC49419DE220C135B1964027403D71E094264170E591884EBC4941FDA5E955ABB096402E4655A4E1942641147F6F8B4EBC494168E2C0DC0BB096407E120ADDE0942641CE4CD57C4ABC494111D5E56234B196407026A6C1DF9426410AF8356A4ABC49419DE220C135B19640|62
55063|3|AA-ASH_LAYER|AA-ASH_LAYER_AS-ASHFILL|7064|C4,C3|072610|D||KIS10|1.439|1.486|01030000A07C7F00000100000005000000377DC980DF942641BEC74FCD4ABC494192E8ACE95FB09640CFFB183AD8942641186BC9EB4ABC4941F855107668B19640D3DC2B1BD89426416B8EBD3D4BBC494144EA9EBECEAF964065920D63DF9426415B5606274BBC4941DD02FDCDC8B09640377DC980DF942641BEC74FCD4ABC494192E8ACE95FB09640|63
55064|4|PS-PERIMETER_START|WA-WALL|7065|C4,C3|072610|D||KIS10|1.439|1.486|01030000A07C7F0000010000000500000055EDE4F3DF94264195BB2A7B4BBC4941248E60D65DAE9640935D402ED89426412868EE964BBC49418A5B86B1F8AE964088B49534D8942641D12005AF4BBC49415461D605DBAE9640428A09F5DF942641F52224984BBC4941AF2BCCD49DAE964055EDE4F3DF94264195BB2A7B4BBC4941248E60D65DAE9640|64
55065|5|PS-PERIMETER_START|WA-WALL|7066|C3,B3|072610|D||KIS10|1.439|1.486|01030000A07C7F00000100000005000000F468914AD394264145FA487E4ABC4941C58B2B8DDEAF96403D5C1743D49426416D1ADB3D4EBC494146C3919FEBAF9640F93D5E14D59426414402A13F4EBC494155BAE90694AF9640462B10EED3942641F3EA777B4ABC49411F01427DFCAF9640F468914AD394264145FA487E4ABC4941C58B2B8DDEAF9640|65
55066|6|PS-PERIMETER_START|WA-WALL|7067|B3|072610|D||KIS10|1.439|1.486|01030000A07C7F00000100000007000000F8237FF9CF9426415B785E264CBC4941CBFCE542E5B196405EC047CED09426417037D2984DBC4941DB9B977F95B29640A6E87179CF94264148A302A74DBC4941B71325D8CBB2964095A9D58FCF942641E0D2D6E34DBC4941B459F5B9DAB29640C7207F9CD19426416A60F5D84DBC49413B492ABB56B396407DB989D3D09426416496981B4CBC494192B500D0A3B39640F8237FF9CF9426415B785E264CBC4941CBFCE542E5B19640|66
55067|7|PS-PERIMETER_START|WA-WALL|7068|B2|072610|D||KIS10|1.439|1.486|01030000A07C7F00000100000005000000F33D9FBEC594264130270DFB4DBC4941005594BEC6B296402FEFBBE7CD942641F51906F04DBC494107A6D4964CB296403211E3D9CD942641A901399B4DBC4941AFB7538EFEB2964012970CB5C5942641D287D3CE4DBC494170DCA8E5C3B29640F33D9FBEC594264130270DFB4DBC4941005594BEC6B29640|67
55068|8|PS-PERIMETER_START|WA-WALL|7069|B2|072610|D||KIS10|1.439|1.486|01030000A07C7F000001000000050000002F72CBD8CC942641A52C432A4CBC4941F0AD5B0BFFB09640ECC20F3ECD94264171299D904DBC49412216463E6FB19640575041C9CD9426410557D4874DBC4941D165D2ACF1B196408BF91C98CD9426416868F2294CBC49417CB634D510B196402F72CBD8CC942641A52C432A4CBC4941F0AD5B0BFFB09640|68
55069|9|PS-PERIMETER_START|WA-WALL|7070|B2|072610|D||KIS10|1.439|1.486|01030000A07C7F0000010000000500000068028788C79426416FB147C34CBC4941221E57CB61B196400BC11EC3CC942641E2B19FCA4CBC494103FBB350BAB096403289829ACC9426414FFC62634CBC4941E208D73D1CB1964014A6D664C794264129F114644CBC49418AACE44CA8B3964068028788C79426416FB147C34CBC4941221E57CB61B19640|69
55070|10|PS-PERIMETER_START|WA-WALL|7071|A1|072610|D||KIS10|1.439|1.486|01030000A07C7F00000100000005000000CE2ABFD6BD942641AAFBB6384FBC4941DEE544F1C3AF96401322646BBE942641B400122951BC49419568646FD0AE964043F0AE3DBF942641E048A02651BC49413D64AE3228AF9640298C14E7BE9426410F96563C4FBC4941BDB1489D73AF9640CE2ABFD6BD942641AAFBB6384FBC4941DEE544F1C3AF9640|70
55071|11|PS-PERIMETER_START|WA-WALL|7072|A1|072610|D||KIS10|1.439|1.486|01030000A07C7F00000100000005000000034C117BBE942641121B876B51BC49415CAB091FB7AE96406385B6DFC3942641C8693E6C51BC49410802F501F8AF96403992D3A8C39426415DFF092851BC494121010BAFB5AF964066B8854DBE9426413CF5ED3451BC49415B6A98F4CFAE9640034C117BBE942641121B876B51BC49415CAB091FB7AE9640|71
55072|12|PS-PERIMETER_START|WA-WALL|7073|A1|072610|D||KIS10|1.439|1.486|01030000A07C7F00000100000005000000BC6B3B9FC3942641463AA82E51BC4941EB78B93864AF9640C162C3A1C39426411E6D1CD04FBC4941F16876ECBAB0964024E682B6C2942641ED24C7D84FBC494154722DDECEAF9640C9C04B20C39426410839942C51BC4941E37A65AC9EAF9640BC6B3B9FC3942641463AA82E51BC4941EB78B93864AF9640|72
55073|13|PS-PERIMETER_START|WA-WALL|7074|A2|072610|D||KIS10|1.439|1.486|01030000A07C7F00000100000005000000A6AAF993C7942641C4A9204950BC4941D33FC2A1FDAD9640B42BA1C7C9942641B9BCDEFF4FBC494128073BD601AE9640B58400AFC9942641D18EC0CB4FBC49419F7D24A6B3AD96406FFA2F4BC7942641EAEC64CE4FBC494134A84D8B1DB09640A6AAF993C7942641C4A9204950BC4941D33FC2A1FDAD9640|73
55074|14|PS-PERIMETER_START|WA-WALL|7075|A2|072610|D||KIS10|1.439|1.486|01030000A07C7F00000100000005000000D2CF0E4DCC9426416B589D4650BC4941584A4470E1AD9640C64C68A5CB94264187527B2851BC4941DA66931521AE964082518B8BCC942641B5A1072351BC4941160CFA90FDAE964087721EE1CC94264121B2A33750BC4941ED7FF579BEAE9640D2CF0E4DCC9426416B589D4650BC4941584A4470E1AD9640|74
55075|1|PS-PERIMETER_START|WA-WALL|7076|A2|072710|D||KIS10|1.489|1.486|01030000A07C7F00000100000005000000BB9B8622C89426413506427A51BC4941B463D27FDBAE9640115941F7D4942641B61AC85D51BC49412851D9AE6EB19640AC808CE8D494264133315D0C51BC4941B1DCCC8C1BB196401881A9A5C7942641606A952E51BC4941B55E7CA7EDAE9640BB9B8622C89426413506427A51BC4941B463D27FDBAE9640|75
55076|2|PS-PERIMETER_START|WA-WALL|7078|C4|072710|D||KIS10|1.489|1.486|01030000A07C7F0000010000000500000081265F8AD99426411775F78C4BBC494152769760F4AD96408A577A77D99426419A8290474BBC4941AFE0A98980AD9640CD86888BD89426411CA496474BBC4941044C55E421AE96402234C4AFD894264135B8088E4BBC4941E711693CB6AD964081265F8AD99426411775F78C4BBC494152769760F4AD9640|76
55077|3|PS-PERIMETER_START|WA-WALL|7079|C4|072710|D||KIS10|1.489|1.486|01030000A07C7F000001000000050000000497BF73DA942641E0D8B3934BBC49414427BF9521AD96407C7EF70EE09426414FCDE5734BBC4941FA037D1C9DAC96408EB3441AE09426412C723E314BBC4941D56BB5B2DFAB9640C84F9977DA942641A829B8404BBC494134884E508DAC96400497BF73DA942641E0D8B3934BBC49414427BF9521AD9640|77
55078|4|PS-PERIMETER_START|FI-FILL|7080|B4|072710|D||KIS10|1.489|1.486|01030000A07C7F00000100000005000000F032E456E09426410139BC834EBC49411F0226ABD0AC9640A64CA48BE094264127F911E14DBC4941A52F44CABFAD9640D7801066DC94264135BE8AD34DBC494118D3740814AD964084313BDEDC942641BD4E8F664EBC49414C26D3D2F4AC9640F032E456E09426410139BC834EBC49411F0226ABD0AC9640|78
55079|1|PA-PERIMETER_ARTIFACT|OV-OVEN|7083|B4|072810|D||KIS10|1.508|1.486|01030000A07C7F00000100000009000000DACD4ABADA942641618BDD424EBC4941006C6D9731AC964000146D38DB942641FD3ED23F4EBC494116A4D4FF7FAD9640CDC3AEEEDB94264164D641314EBC4941868C8B0F86AC9640EFA831DFDB9426414FA03E0D4EBC4941A25AE00D4DAD96401098C1ABDB942641285F75DF4DBC49413A603A1964AD9640308BC316DB942641ABE7A4DB4DBC494197FEB80CA7AD9640630AB58ADA942641CE0D97EF4DBC4941D1274DDE58AC964093EC0981DA942641161747184EBC49417BFC61714FAC9640DACD4ABADA942641618BDD424EBC4941006C6D9731AC9640|79
55080|2|PA-PERIMETER_ARTIFACT|IN-INSTALLATION|7084|A2|072810|D||KIS10|1.503|1.486|01030000A07C7F00000100000006000000E157D58CCD942641EFD9845B4FBC49412BD93794F3AC96409A99F4F2CC9426417AE46A794FBC4941E3793984C0AD9640BCC91464CD94264194E5DA904FBC49415A17EE0D97AD964090CF1215CE9426417FA724824FBC4941D3EFF5C7A9AD96407D5536FDCD9426418EEBDF644FBC494168523C8630AD9640E157D58CCD942641EFD9845B4FBC49412BD93794F3AC9640|80
55081|3|PS-PERIMETER_START|SU-SURFACE|7082|A2|072810|D||KIS10|1.503|1.486|01030000A07C7F00000100000005000000FA61C674C7942641E5428A634FBC49416AD02966AEAC9640B372F596C7942641DB6E82D54FBC4941694B49D231AC9640BD9C658ACE94264138A0A5E34FBC4941061A67E85BAD96402B43450ECF94264126D2EC3E4FBC4941B535FD7571AD9640FA61C674C7942641E5428A634FBC49416AD02966AEAC9640|81
55082|1|PS-PERIMETER_START|FL-FLOOR|7090|A2|072910|D||KIS10|1.496|1.486|01030000A07C7F00000100000005000000DAEED48CC7942641ED061B5A4FBC49416CD19517CCAB9640CB44F8D8C794264109AB0CCA4FBC49416F405BF085AB964016D0B84CD194264134FF9EB84FBC494169A81EA08CAC9640F9EAF429D19426417B7D52534FBC4941A40918FCE7AC9640DAEED48CC7942641ED061B5A4FBC49416CD19517CCAB9640|82
55083|1|PS-PERIMETER_START|FI-FILL|7032|C4|080210|D||KIS10|1.229|1.486|01030000A07C7F00000100000005000000DC116FEFDF9426418DD882354BBC4941AB1662C3F4AB9640E1ECD620D8942641D18CEA464BBC4941AB7E4FAAA1AD9640C5A2D059D8942641E5E324B54CBC4941C4CE366D38AC9640D3174286E0942641643502824CBC4941DC492AED2BAE9640DC116FEFDF9426418DD882354BBC4941AB1662C3F4AB9640|83
55084|2|PS-PERIMETER_START|FI-FILL|7043|B2|080210|D||KIS10|1.229|1.486|01030000A07C7F00000100000005000000F4147BA4D194264195AB69F64DBC49418526FA55E1AC964015C33884C7942641A0C37C134EBC4941B8FD25BBE4AD9640FE1097BBC7942641359FCE914EBC4941E2C8FED7F5AD964051BE5EA7D1942641B5B574924EBC4941C4BA3756F6AC9640F4147BA4D194264195AB69F64DBC49418526FA55E1AC9640|84
55085|3|PS-PERIMETER_START|FI-FILL|7044|B2|080210|D||KIS10|1.229|1.486|01030000A07C7F000001000000050000000CF99025CA9426419036E9BD4FBC494189F1AF60F6AC964057093791CC94264144A8ADA54DBC4941D7ACDD74B1AC9640DAD537E8CC942641B8D0F00A4DBC4941BC4D7F3F8CAC96408ADC3EBFC89426418F56101B4DBC4941B76FF2FACCAC96400CF99025CA9426419036E9BD4FBC494189F1AF60F6AC9640|85
55086|4|PS-PERIMETER_START|FI-FILL|7057|C3|080210|D||KIS10|1.229|2.1|01030000A07C7F000001000000050000001F9BAAC6D59426414619BBF34BBC4941F411A53273AC9640F1466A9CD3942641F952D3F44BBC4941D538F44664B2964067C52672D39426417FDC7E9E4CBC4941BAA16DA1D4B39640C7D50AEFD5942641ECDADEAA4CBC494197F5DBC988AC96401F9BAAC6D59426414619BBF34BBC4941F411A53273AC9640|86
55087|5|PS-PERIMETER_START|FI-FILL|7081|B2|080210|D||KIS10|1.229|2.2|01030000A07C7F00000100000005000000C01FE150D09426412FCF949C4DBC4941453D29BC2EAC96406935C9EECF94264136A330AE4BBC4941499CC52E1AAC9640A37B5223CE942641B4C5DAB94BBC4941BF56BEF5DBAB964084697317CE942641D69C72904DBC4941D4A253D21FAC9640C01FE150D09426412FCF949C4DBC4941453D29BC2EAC9640|87
55088|6|PS-PERIMETER_START|FI-FILL|7087|B3|080210|D||KIS10|1.229|1.486|01030000A07C7F00000100000005000000C2CC2D5BD894264175615A904EBC49419F3FE7D17EAD96406EB257A3D8942641A3682F694FBC49416E707FFDB1AC964039F3E542DA942641714FA1744FBC4941C327F5DBC3AC964052D4DB69DA942641A2D5C99C4EBC4941B998E21387AD9640C2CC2D5BD894264175615A904EBC49419F3FE7D17EAD9640|88
55089|7|PS-PERIMETER_START|FI-FILL|7088|B4|080210|D||KIS10|1.229|1.486|01030000A07C7F000001000000050000002221A190DB9426411B2D072C4FBC4941AFB3631B40AF964095C9BA5BDD94264140C8681F4FBC494121A4D6937BAE964035B619F5DC942641D1C721974EBC494180228C63BAAF964096C162A0DB9426414C6BD3824EBC4941E4CCE0FB1DAE96402221A190DB9426411B2D072C4FBC4941AFB3631B40AF9640|89
55090|8|PS-PERIMETER_START|FI-FILL|7089|B3|080210|D||KIS10|1.229|1.486|01030000A07C7F0000010000000500000012EE5BA0D89426415842D26B4EBC49413E1179C741AD9640BFD044A6D89426414EA4EA5E4FBC4941F5BD1CB3ABAC9640B2042144DA9426418D8B596D4FBC494191CB4A56A2AC96402B297F42DA942641190C64864EBC4941A0CA59B6A0AD964012EE5BA0D89426415842D26B4EBC49413E1179C741AD9640|90
55091|9|PA-PERIMETER_ARTIFACT|OV-OVEN|7089|B3|080210|D||KIS10|1.386|1.486|01030000A07C7F00000100000009000000E1F93D00D19426417A89B1DC4CBC49412B25CCB725B0964081F91A30DF9426410518960C4EBC49413D4F7612E1AC96405035FE05DF942641A8D02FED4DBC4941F52E6D5FCEAC96407396FE66DE9426412297EED24DBC49410F227B7776AC964096C440D6DD9426412D1334DC4DBC49410E8468958BAC96404B4E375EDD9426419FE925FB4DBC49413B02298AFBAC9640FD8A4E8FDD942641A924FC2C4EBC49416306604363AC96405A3AB45EDE942641A9D667474EBC4941B645CF6D93AC9640E1F93D00D19426417A89B1DC4CBC49412B25CCB725B09640|91
55092|10|PS-PERIMETER_START|FI-FILL|7091|B4|080210|D||KIS10|1.386|1.486|01030000A07C7F00000100000005000000F37CFEA8DB9426412108EB2B4FBC49415968AFD334AD9640E0108960DD942641A33D5E2F4FBC49417021EAE284AD964059EF1EBDDC942641A65FC7864EBC4941ABBB127E67AE96408B963461DB942641BB2A508D4EBC49416F99E54850AD9640F37CFEA8DB9426412108EB2B4FBC49415968AFD334AD9640|92
55093|11|PS-PERIMETER_START|FI-FILL|7093|A1|080210|D||KIS10|1.386|1.486|01030000A07C7F000001000000050000004DEBA1A1C794264128DEB7A64EBC49412EAC619FB0AF9640972CBCC3C79426415555C3F24EBC494113983D76C8AF9640136F11F8C89426414A5178F74EBC494197E3E7987BAF9640DF9A64E7C8942641F3B457A54EBC4941D0DDD53AC8AF96404DEBA1A1C794264128DEB7A64EBC49412EAC619FB0AF9640|93
55094|1|PS-PERIMETER_START|FI-FILL|7058|A1|080310|D||KIS10|1.297|2.0|01030000A07C7F00000100000005000000E6E48742C2942641732D5A2650BC4941DAA46EE49DAA96402A79D04DC29426419C65BB7A4FBC4941C7B24AB439AB9640A52E5B27BF94264181994A6C4FBC49416DCE4C26C2AA964072F03375BF9426416B894B0E50BC49411E03790899AA9640E6E48742C2942641732D5A2650BC4941DAA46EE49DAA9640|94
55095|1|PS-PERIMETER_START|FL-FLOOR|1000|A1|031311|D||KIS10|1|1.5|01030000A07C7F0000010000000400000038B5D8DCBD942641AF25E4B24FBC494156C8E6786CB19640D2C842A5C19426418A6654E24FBC49412AA65C6678B19640CFB61EDEC0942641E98DA4DF4EBC4941A4C142EDC9B1964038B5D8DCBD942641AF25E4B24FBC494156C8E6786CB19640|95
55096|2|PS-PERIMETER_START|AL-ASH_LENS|1004|A1|031311|D||KIS10|1|1.5|01030000A07C7F00000100000005000000F5449DE8C1942641287FF7E84EBC4941EEE57B9CBDB19640D792A765C5942641142D2FD84FBC4941B0242A687AB19640D0B978C9C4942641251A49254EBC49416026C316BAB196404B4519F4C094264116BEBEAF4DBC49412531DD74B4B19640F5449DE8C1942641287FF7E84EBC4941EEE57B9CBDB19640|96
55097|1|PS-PERIMETER_START|AL-ASH_LENS|5000|A1|052911|D|1|KIS10|1|1.5|01030000A07C7F00000100000005000000FB78A61DC8942641C7FE686C4CBC494183EBD5391BAE964079CBB401C9942641997851B04CBC4941100429B18EAD96405E4A1B02CB9426418050CD334CBC4941F0C11C9A49AD96401A61DD08CA942641284124EA4BBC49410665A33ECBAD9640FB78A61DC8942641C7FE686C4CBC494183EBD5391BAE9640|97